postcode,Municipality,Région name (French),Province name,Official language or language combination
1000,Bruxelles,Région de Bruxelles-Capitale,Région de Bruxelles-Capitale,NL-FR
1000,Saint-Josse-ten-Noode,Région de Bruxelles-Capitale,Région de Bruxelles-Capitale,NL-FR
1000,Ixelles,Région de Bruxelles-Capitale,Région de Bruxelles-Capitale,NL-FR
1005,Bruxelles,Région de Bruxelles-Capitale,Région de Bruxelles-Capitale,NL-FR
1006,Bruxelles,Région de Bruxelles-Capitale,Région de Bruxelles-Capitale,NL-FR
1007,Bruxelles,Région de Bruxelles-Capitale,Région de Bruxelles-Capitale,NL-FR
1008,Bruxelles,Région de Bruxelles-Capitale,Région de Bruxelles-Capitale,NL-FR
1009,Bruxelles,Région de Bruxelles-Capitale,Région de Bruxelles-Capitale,NL-FR
1011,Bruxelles,Région de Bruxelles-Capitale,Région de Bruxelles-Capitale,NL-FR
1012,Bruxelles,Région de Bruxelles-Capitale,Région de Bruxelles-Capitale,NL-FR
1020,Bruxelles,Région de Bruxelles-Capitale,Région de Bruxelles-Capitale,NL-FR
1030,Schaerbeek,Région de Bruxelles-Capitale,Région de Bruxelles-Capitale,NL-FR
1031,Schaerbeek,Région de Bruxelles-Capitale,Région de Bruxelles-Capitale,NL-FR
1033,Schaerbeek,Région de Bruxelles-Capitale,Région de Bruxelles-Capitale,NL-FR
1035,Schaerbeek,Région de Bruxelles-Capitale,Région de Bruxelles-Capitale,NL-FR
1040,Bruxelles,Région de Bruxelles-Capitale,Région de Bruxelles-Capitale,NL-FR
1040,Etterbeek,Région de Bruxelles-Capitale,Région de Bruxelles-Capitale,NL-FR
1041,Bruxelles,Région de Bruxelles-Capitale,Région de Bruxelles-Capitale,NL-FR
1043,Schaerbeek,Région de Bruxelles-Capitale,Région de Bruxelles-Capitale,NL-FR
1044,Schaerbeek,Région de Bruxelles-Capitale,Région de Bruxelles-Capitale,NL-FR
1046,Evere,Région de Bruxelles-Capitale,Région de Bruxelles-Capitale,NL-FR
1047,Ixelles,Région de Bruxelles-Capitale,Région de Bruxelles-Capitale,NL-FR
1048,Bruxelles,Région de Bruxelles-Capitale,Région de Bruxelles-Capitale,NL-FR
1049,Evere,Région de Bruxelles-Capitale,Région de Bruxelles-Capitale,NL-FR
1050,Ixelles,Région de Bruxelles-Capitale,Région de Bruxelles-Capitale,NL-FR
1050,Saint-Gilles,Région de Bruxelles-Capitale,Région de Bruxelles-Capitale,NL-FR
1060,Saint-Gilles,Région de Bruxelles-Capitale,Région de Bruxelles-Capitale,NL-FR
1070,Anderlecht,Région de Bruxelles-Capitale,Région de Bruxelles-Capitale,NL-FR
1080,Molenbeek-Saint-Jean,Région de Bruxelles-Capitale,Région de Bruxelles-Capitale,NL-FR
1081,Koekelberg,Région de Bruxelles-Capitale,Région de Bruxelles-Capitale,NL-FR
1082,Berchem-Sainte-Agathe,Région de Bruxelles-Capitale,Région de Bruxelles-Capitale,NL-FR
1083,Ganshoren,Région de Bruxelles-Capitale,Région de Bruxelles-Capitale,NL-FR
1090,Jette,Région de Bruxelles-Capitale,Région de Bruxelles-Capitale,NL-FR
1099,Bruxelles,Région de Bruxelles-Capitale,Région de Bruxelles-Capitale,NL-FR
1105,Bruxelles,Région de Bruxelles-Capitale,Région de Bruxelles-Capitale,NL-FR
1110,Bruxelles,Région de Bruxelles-Capitale,Région de Bruxelles-Capitale,NL-FR
1120,Bruxelles,Région de Bruxelles-Capitale,Région de Bruxelles-Capitale,NL-FR
1130,Bruxelles,Région de Bruxelles-Capitale,Région de Bruxelles-Capitale,NL-FR
1140,Evere,Région de Bruxelles-Capitale,Région de Bruxelles-Capitale,NL-FR
1150,Woluwe-Saint-Pierre,Région de Bruxelles-Capitale,Région de Bruxelles-Capitale,NL-FR
1160,Auderghem,Région de Bruxelles-Capitale,Région de Bruxelles-Capitale,NL-FR
1170,Watermael-Boitsfort,Région de Bruxelles-Capitale,Région de Bruxelles-Capitale,NL-FR
1180,Uccle,Région de Bruxelles-Capitale,Région de Bruxelles-Capitale,NL-FR
1190,Forest,Région de Bruxelles-Capitale,Région de Bruxelles-Capitale,NL-FR
1200,Woluwe-Saint-Lambert,Région de Bruxelles-Capitale,Région de Bruxelles-Capitale,NL-FR
1210,Saint-Josse-ten-Noode,Région de Bruxelles-Capitale,Région de Bruxelles-Capitale,NL-FR
1212,Saint-Josse-ten-Noode,Région de Bruxelles-Capitale,Région de Bruxelles-Capitale,NL-FR
1300,Limal,Région wallonne,Brabant wallon (le),FR
1300,Wavre,Région wallonne,Brabant wallon (le),FR
1301,Bierges,Région wallonne,Brabant wallon (le),FR
1310,La Hulpe,Région wallonne,Brabant wallon (le),FR
1315,Incourt,Région wallonne,Brabant wallon (le),FR
1320,Beauvechain,Région wallonne,Brabant wallon (le),FR
1325,Chaumont-Gistoux,Région wallonne,Brabant wallon (le),FR
1330,Rixensart,Région wallonne,Brabant wallon (le),FR
1331,Rosières,Région wallonne,Brabant wallon (le),FR
1332,Genval,Région wallonne,Brabant wallon (le),FR
1340,Ottignies,Région wallonne,Brabant wallon (le),FR
1341,Céroux-Mousty,Région wallonne,Brabant wallon (le),FR
1342,Limelette,Région wallonne,Brabant wallon (le),FR
1348,Mont-Saint-Guibert,Région wallonne,Brabant wallon (le),FR
1348,Ottignies,Région wallonne,Brabant wallon (le),FR
1350,Jauche,Région wallonne,Brabant wallon (le),FR
1357,Neerheylissem,Région wallonne,Brabant wallon (le),FR
1360,Thorembais-Saint-Trond,Région wallonne,Brabant wallon (le),FR
1367,Geest-Gérompont-Petit-Rosière,Région wallonne,Brabant wallon (le),FR
1370,Jodoigne,Région wallonne,Brabant wallon (le),FR
1380,Lasne-Chapelle-Saint-Lambert,Région wallonne,Brabant wallon (le),FR
1390,Archennes,Région wallonne,Brabant wallon (le),FR
1400,Nivelles,Région wallonne,Brabant wallon (le),FR
1401,Baulers,Région wallonne,Brabant wallon (le),FR
1402,Thines,Région wallonne,Brabant wallon (le),FR
1404,Bornival,Région wallonne,Brabant wallon (le),FR
1410,Waterloo,Région wallonne,Brabant wallon (le),FR
1420,Braine-l'Alleud,Région wallonne,Brabant wallon (le),FR
1421,Ophain-Bois-Seigneur-Isaac,Région wallonne,Brabant wallon (le),FR
1428,Lillois-Witterzée,Région wallonne,Brabant wallon (le),FR
1430,Rebecq-Rognon,Région wallonne,Brabant wallon (le),FR
1435,Mont-Saint-Guibert,Région wallonne,Brabant wallon (le),FR
1440,Braine-le-Château,Région wallonne,Brabant wallon (le),FR
1450,Saint-Géry,Région wallonne,Brabant wallon (le),FR
1457,Walhain-Saint-Paul,Région wallonne,Brabant wallon (le),FR
1460,Ittre,Région wallonne,Brabant wallon (le),FR
1461,Haut-Ittre,Région wallonne,Brabant wallon (le),FR
1470,Genappe,Région wallonne,Brabant wallon (le),FR
1470,Baisy-Thy,Région wallonne,Brabant wallon (le),FR
1471,Loupoigne,Région wallonne,Brabant wallon (le),FR
1472,Vieux-Genappe,Région wallonne,Brabant wallon (le),FR
1473,Glabais,Région wallonne,Brabant wallon (le),FR
1474,Ways,Région wallonne,Brabant wallon (le),FR
1476,Houtain-le-Val,Région wallonne,Brabant wallon (le),FR
1480,Tubize,Région wallonne,Brabant wallon (le),FR
1490,Court-Saint-Étienne,Région wallonne,Brabant wallon (le),FR
1495,Marbais,Région wallonne,Brabant wallon (le),FR
1500,Halle,Région flamande,Brabant flamand (le),NL
1501,Buizingen,Région flamande,Brabant flamand (le),NL
1502,Lembeek,Région flamande,Brabant flamand (le),NL
1540,Herne,Région flamande,Vlaams-Brabant,NL
1541,Sint-Pieters-Kapelle,Région flamande,Brabant flamand (le),NL
1547,Bever,Région flamande,Brabant flamand (le),NL-fr
1560,Hoeilaart,Région flamande,Brabant flamand (le),NL
1570,Tollembeek,Région flamande,Brabant flamand (le),NL
1600,Sint-Pieters-Leeuw,Région flamande,Brabant flamand (le),NL
1601,Ruisbroek,Région flamande,Brabant flamand (le),NL
1602,Vlezenbeek,Région flamande,Brabant flamand (le),NL
1620,Drogenbos,Région flamande,Brabant flamand (le),NL-fr
1630,Linkebeek,Région flamande,Brabant flamand (le),NL-fr
1640,Sint-Genesius-Rode,Région flamande,Vlaams-Brabant,NL-fr
1650,Beersel,Région flamande,Brabant flamand (le),NL
1651,Lot,Région flamande,Brabant flamand (le),NL
1652,Alsemberg,Région flamande,Brabant flamand (le),NL
1653,Dworp,Région flamande,Brabant flamand (le),NL
1654,Huizingen,Région flamande,Brabant flamand (le),NL
1670,Pepingen,Région flamande,Brabant flamand (le),NL
1671,Elingen,Région flamande,Brabant flamand (le),NL
1673,Beert,Région flamande,Brabant flamand (le),NL
1674,Bellingen,Région flamande,Brabant flamand (le),NL
1700,Dilbeek,Région flamande,Brabant flamand (le),NL
1701,Itterbeek,Région flamande,Brabant flamand (le),NL
1701,Dilbeek,Région flamande,Brabant flamand (le),NL
1702,Groot-Bijgaarden,Région flamande,Brabant flamand (le),NL
1703,Schepdaal,Région flamande,Brabant flamand (le),NL
1730,Asse,Région flamande,Brabant flamand (le),NL
1731,Relegem,Région flamande,Brabant flamand (le),NL
1733,Asse,Région flamande,Brabant flamand (le),NL
1740,Ternat,Région flamande,Brabant flamand (le),NL
1741,Wambeek,Région flamande,Brabant flamand (le),NL
1742,Sint-Katherina-Lombeek,Région flamande,Brabant flamand (le),NL
1745,Opwijk,Région flamande,Brabant flamand (le),NL
1750,Sint-Martens-Lennik,Région flamande,Brabant flamand (le),NL
1755,Leerbeek,Région flamande,Brabant flamand (le),NL
1760,Pamel,Région flamande,Brabant flamand (le),NL
1761,Borchtlombeek,Région flamande,Brabant flamand (le),NL
1770,Liedekerke,Région flamande,Brabant flamand (le),NL
1780,Wemmel,Région flamande,Brabant flamand (le),NL-fr
1785,Merchtem,Région flamande,Brabant flamand (le),NL
1790,Hekelgem,Région flamande,Brabant flamand (le),NL
1800,Vilvoorde,Région flamande,Brabant flamand (le),NL
1804,Vilvoorde,Région flamande,Brabant flamand (le),NL
1820,Steenokkerzeel,Région flamande,Brabant flamand (le),NL
1830,Machelen,Région flamande,Brabant flamand (le),NL
1831,Diegem,Région flamande,Brabant flamand (le),NL
1840,Londerzeel,Région flamande,Brabant flamand (le),NL
1850,Grimbergen,Région flamande,Brabant flamand (le),NL
1851,Humbeek,Région flamande,Brabant flamand (le),NL
1852,Beigem,Région flamande,Brabant flamand (le),NL
1853,Strombeek-Bever,Région flamande,Brabant flamand (le),NL
1860,Meise,Région flamande,Brabant flamand (le),NL
1861,Wolvertem,Région flamande,Brabant flamand (le),NL
1880,Kapelle-op-den-Bos,Région flamande,Brabant flamand (le),NL
1910,Kampenhout,Région flamande,Brabant flamand (le),NL
1930,Zaventem,Région flamande,Brabant flamand (le),NL
1931,Diegem,Région flamande,Brabant flamand (le),NL
1932,Sint-Stevens-Woluwe,Région flamande,Brabant flamand (le),NL
1933,Sterrebeek,Région flamande,Brabant flamand (le),NL
1934,Diegem,Région flamande,Brabant flamand (le),NL
1935,Zaventem,Région flamande,Brabant flamand (le),NL
1950,Kraainem,Région flamande,Brabant flamand (le),NL-fr
1970,Wezembeek-Oppem,Région flamande,Brabant flamand (le),NL-fr
1980,Zemst,Région flamande,Brabant flamand (le),NL
1980,Eppegem,Région flamande,Brabant flamand (le),NL
1981,Hofstade,Région flamande,Brabant flamand (le),NL
1982,Elewijt,Région flamande,Brabant flamand (le),NL
2000,Antwerpen,Région flamande,Antwerpen,NL
2018,Antwerpen,Région flamande,Antwerpen,NL
2020,Antwerpen,Région flamande,Antwerpen,NL
2030,Antwerpen,Région flamande,Antwerpen,NL
2040,Berendrecht-Zandvliet-Lillo,Région flamande,Antwerpen,NL
2050,Antwerpen,Région flamande,Antwerpen,NL
2060,Antwerpen,Région flamande,Antwerpen,NL
2070,Zwijndrecht,Région flamande,Antwerpen,NL
2099,Antwerpen,Région flamande,Antwerpen,NL
2100,Deurne,Région flamande,Antwerpen,NL
2110,Wijnegem,Région flamande,Antwerpen,NL
2140,Borgerhout,Région flamande,Antwerpen,NL
2150,Borsbeek,Région flamande,Antwerpen,NL
2160,Wommelgem,Région flamande,Antwerpen,NL
2170,Merksem,Région flamande,Antwerpen,NL
2180,Ekeren,Région flamande,Antwerpen,NL
2200,Herentals,Région flamande,Antwerpen,NL
2220,Heist-op-den-Berg,Région flamande,Antwerpen,NL
2221,Booischot,Région flamande,Antwerpen,NL
2222,Itegem,Région flamande,Antwerpen,NL
2223,Schriek,Région flamande,Antwerpen,NL
2230,Herselt,Région flamande,Antwerpen,NL
2235,Houtvenne,Région flamande,Antwerpen,NL
2240,Zandhoven,Région flamande,Antwerpen,NL
2242,Pulderbos,Région flamande,Antwerpen,NL
2243,Pulle,Région flamande,Antwerpen,NL
2250,Olen,Région flamande,Antwerpen,NL
2260,Tongerlo,Région flamande,Antwerpen,NL
2270,Herenthout,Région flamande,Antwerpen,NL
2275,Lille,Région flamande,Antwerpen,NL
2280,Grobbendonk,Région flamande,Antwerpen,NL
2288,Bouwel,Région flamande,Antwerpen,NL
2290,Vorselaar,Région flamande,Antwerpen,NL
2300,Turnhout,Région flamande,Antwerpen,NL
2310,Rijkevorsel,Région flamande,Antwerpen,NL
2320,Hoogstraten,Région flamande,Antwerpen,NL
2321,Meer,Région flamande,Antwerpen,NL
2323,Wortel,Région flamande,Antwerpen,NL
2328,Meerle,Région flamande,Antwerpen,NL
2330,Merksplas,Région flamande,Antwerpen,NL
2340,Beerse,Région flamande,Antwerpen,NL
2350,Vosselaar,Région flamande,Antwerpen,NL
2360,Oud-Turnhout,Région flamande,Antwerpen,NL
2370,Arendonk,Région flamande,Antwerpen,NL
2380,Ravels,Région flamande,Antwerpen,NL
2381,Weelde,Région flamande,Antwerpen,NL
2382,Poppel,Région flamande,Antwerpen,NL
2387,Baarle-Hertog,Région flamande,Antwerpen,NL
2390,Oostmalle,Région flamande,Antwerpen,NL
2400,Dessel,Région flamande,Antwerpen,NL
2430,Vorst,Région flamande,Antwerpen,NL
2431,Veerle,Région flamande,Antwerpen,NL
2440,Geel,Région flamande,Antwerpen,NL
2450,Meerhout,Région flamande,Antwerpen,NL
2460,Lichtaart,Région flamande,Antwerpen,NL
2470,Retie,Région flamande,Antwerpen,NL
2480,Dessel,Région flamande,Antwerpen,NL
2490,Balen,Région flamande,Antwerpen,NL
2491,Olmen,Région flamande,Antwerpen,NL
2500,Lier,Région flamande,Antwerpen,NL
2520,Broechem,Région flamande,Antwerpen,NL
2530,Boechout,Région flamande,Antwerpen,NL
2531,Vremde,Région flamande,Antwerpen,NL
2540,Hove,Région flamande,Antwerpen,NL
2547,Lint,Région flamande,Antwerpen,NL
2550,Kontich,Région flamande,Antwerpen,NL
2560,Kessel,Région flamande,Antwerpen,NL
2570,Duffel,Région flamande,Antwerpen,NL
2580,Putte,Région flamande,Antwerpen,NL
2590,Berlaar,Région flamande,Antwerpen,NL
2600,Berchem,Région flamande,Antwerpen,NL
2610,Wilrijk,Région flamande,Antwerpen,NL
2620,Hemiksem,Région flamande,Antwerpen,NL
2627,Schelle,Région flamande,Antwerpen,NL
2630,Aartselaar,Région flamande,Antwerpen,NL
2640,Mortsel,Région flamande,Antwerpen,NL
2650,Edegem,Région flamande,Antwerpen,NL
2660,Hoboken,Région flamande,Antwerpen,NL
2800,Mechelen,Région flamande,Antwerpen,NL
2801,Heffen,Région flamande,Antwerpen,NL
2811,Leest,Région flamande,Antwerpen,NL
2812,Muizen,Région flamande,Antwerpen,NL
2820,Bonheiden,Région flamande,Antwerpen,NL
2830,Willebroek,Région flamande,Antwerpen,NL
2840,Reet,Région flamande,Antwerpen,NL
2845,Niel,Région flamande,Antwerpen,NL
2850,Boom,Région flamande,Antwerpen,NL
2860,Sint-Katelijne-Waver,Région flamande,Antwerpen,NL
2861,Onze-Lieve-Vrouw-Waver,Région flamande,Antwerpen,NL
2870,Puurs,Région flamande,Antwerpen,NL
2880,Bornem,Région flamande,Antwerpen,NL
2890,Oppuurs,Région flamande,Antwerpen,NL
2900,Schoten,Région flamande,Antwerpen,NL
2910,Essen,Région flamande,Antwerpen,NL
2920,Kalmthout,Région flamande,Antwerpen,NL
2930,Brasschaat,Région flamande,Antwerpen,NL
2940,Stabroek,Région flamande,Antwerpen,NL
2950,Kapellen,Région flamande,Antwerpen,NL
2960,Brecht,Région flamande,Antwerpen,NL
2970,Schilde,Région flamande,Antwerpen,NL
2980,Zoersel,Région flamande,Antwerpen,NL
2990,Wuustwezel,Région flamande,Antwerpen,NL
3000,Leuven,Région flamande,Brabant flamand (le),NL
3000,Heverlee,Région flamande,Brabant flamand (le),NL
3001,Heverlee,Région flamande,Brabant flamand (le),NL
3010,Kessel-Lo,Région flamande,Brabant flamand (le),NL
3012,Wilsele,Région flamande,Brabant flamand (le),NL
3018,Wilsele,Région flamande,Brabant flamand (le),NL
3020,Winksele,Région flamande,Brabant flamand (le),NL
3040,Neerijse,Région flamande,Brabant flamand (le),NL
3050,Oud-Heverlee,Région flamande,Brabant flamand (le),NL
3051,Sint-Joris-Weert,Région flamande,Brabant flamand (le),NL
3052,Blanden,Région flamande,Brabant flamand (le),NL
3053,Haasrode,Région flamande,Brabant flamand (le),NL
3054,Vaalbeek,Région flamande,Brabant flamand (le),NL
3060,Bertem,Région flamande,Brabant flamand (le),NL
3061,Leefdaal,Région flamande,Brabant flamand (le),NL
3070,Kortenberg,Région flamande,Brabant flamand (le),NL
3071,Erps-Kwerps,Région flamande,Brabant flamand (le),NL
3078,Everberg,Région flamande,Brabant flamand (le),NL
3080,Tervuren,Région flamande,Brabant flamand (le),NL
3090,Overijse,Région flamande,Brabant flamand (le),NL
3110,Rotselaar,Région flamande,Brabant flamand (le),NL
3111,Wezemaal,Région flamande,Brabant flamand (le),NL
3118,Werchter,Région flamande,Brabant flamand (le),NL
3120,Tremelo,Région flamande,Brabant flamand (le),NL
3128,Baal,Région flamande,Brabant flamand (le),NL
3130,Betekom,Région flamande,Brabant flamand (le),NL
3140,Keerbergen,Région flamande,Brabant flamand (le),NL
3150,Haacht,Région flamande,Brabant flamand (le),NL
3190,Boortmeerbeek,Région flamande,Brabant flamand (le),NL
3191,Hever,Région flamande,Brabant flamand (le),NL
3200,Aarschot,Région flamande,Brabant flamand (le),NL
3201,Langdorp,Région flamande,Brabant flamand (le),NL
3202,Rillaar,Région flamande,Brabant flamand (le),NL
3210,Lubbeek,Région flamande,Brabant flamand (le),NL
3211,Binkom,Région flamande,Brabant flamand (le),NL
3212,Pellenberg,Région flamande,Vlaams-Brabant,NL
3220,Kortrijk-Dutsel,Région flamande,Brabant flamand (le),NL
3221,Nieuwrode,Région flamande,Brabant flamand (le),NL
3270,Scherpenheuvel,Région flamande,Brabant flamand (le),NL
3271,Zichem,Région flamande,Brabant flamand (le),NL
3272,Testelt,Région flamande,Vlaams-Brabant,NL
3290,Schaffen,Région flamande,Brabant flamand (le),NL
3293,Kaggevinne,Région flamande,Brabant flamand (le),NL
3294,Molenstede,Région flamande,Brabant flamand (le),NL
3300,Tienen,Région flamande,Brabant flamand (le),NL
3320,Hoegaarden,Région flamande,Brabant flamand (le),NL
3321,Outgaarden,Région flamande,Brabant flamand (le),NL
3350,Wommersom,Région flamande,Brabant flamand (le),NL
3360,Bierbeek,Région flamande,Brabant flamand (le),NL
3370,Vertrijk,Région flamande,Brabant flamand (le),NL
3380,Glabbeek-Zuurbemde,Région flamande,Brabant flamand (le),NL
3381,Kapellen,Région flamande,Brabant flamand (le),NL
3384,Attenrode,Région flamande,Brabant flamand (le),NL
3390,Tielt,Région flamande,Brabant flamand (le),NL
3391,Meensel-Kiezegem,Région flamande,Brabant flamand (le),NL
3400,Neerwinden,Région flamande,Brabant flamand (le),NL
3401,Walshoutem,Région flamande,Brabant flamand (le),NL
3404,Attenhoven,Région flamande,Brabant flamand (le),NL
3440,Zoutleeuw,Région flamande,Brabant flamand (le),NL
3450,Geetbets,Région flamande,Vlaams-Brabant,NL
3454,Rummen,Région flamande,Brabant flamand (le),NL
3460,Bekkevoort,Région flamande,Brabant flamand (le),NL
3461,Molenbeek-Wersbeek,Région flamande,Brabant flamand (le),NL
3470,Kortenaken,Région flamande,Brabant flamand (le),NL
3471,Hoeleden,Région flamande,Brabant flamand (le),NL
3472,Kersbeek-Miskom,Région flamande,Vlaams-Brabant,NL
3473,Waanrode,Région flamande,Brabant flamand (le),NL
3500,Hasselt,Région flamande,Limbourg (le),NL
3501,Wimmertingen,Région flamande,Limbourg (le),NL
3510,Kermt,Région flamande,Limbourg (le),NL
3511,Kuringen,Région flamande,Limbourg (le),NL
3512,Stevoort,Région flamande,Limbourg (le),NL
3520,Zonhoven,Région flamande,Limbourg (le),NL
3530,Houthalen,Région flamande,Limbourg (le),NL
3540,Herk-de-Stad,Région flamande,Limbourg (le),NL
3545,Halen,Région flamande,Limbourg (le),NL
3550,Zolder,Région flamande,Limbourg (le),NL
3560,Lummen,Région flamande,Limbourg (le),NL
3570,Alken,Région flamande,Limbourg (le),NL
3580,Beringen,Région flamande,Limbourg (le),NL
3581,Beverlo,Région flamande,Limbourg (le),NL
3582,Koersel,Région flamande,Limbourg (le),NL
3583,Paal,Région flamande,Limbourg (le),NL
3590,Diepenbeek,Région flamande,Limbourg (le),NL
3600,Genk,Région flamande,Limbourg (le),NL
3620,Lanaken,Région flamande,Limbourg (le),NL
3621,Rekem,Région flamande,Limbourg (le),NL
3630,Mechelen-aan-de-Maas,Région flamande,Limbourg (le),NL
3631,Uikhoven,Région flamande,Limbourg (le),NL
3640,Molenbeersel,Région flamande,Limbourg (le),NL
3650,Dilsen,Région flamande,Limbourg (le),NL
3660,Opglabbeek,Région flamande,Limbourg (le),NL
3665,As,Région flamande,Limbourg (le),NL
3668,Niel-bij-As,Région flamande,Limbourg (le),NL
3670,Gruitrode,Région flamande,Limbourg (le),NL
3680,Neeroeteren,Région flamande,Limbourg (le),NL
3690,Zutendaal,Région flamande,Limbourg (le),NL
3700,Tongeren,Région flamande,Limbourg (le),NL
3717,Herstappe,Région flamande,Limbourg (le),NL-fr
3720,Kortessem,Région flamande,Limbourg (le),NL
3721,Vliermaalroot,Région flamande,Limbourg (le),NL
3722,Wintershoven,Région flamande,Limbourg (le),NL
3723,Guigoven,Région flamande,Limbourg (le),NL
3724,Vliermaal,Région flamande,Limbourg (le),NL
3730,Hoeselt,Région flamande,Limbourg (le),NL
3732,Schalkhoven,Région flamande,Limbourg (le),NL
3740,Bilzen,Région flamande,Limbourg (le),NL
3742,Martenslinde,Région flamande,Limbourg (le),NL
3746,Waltwilder,Région flamande,Limbourg (le),NL
3770,Riemst,Région flamande,Limbourg (le),NL
3790,Sint-Martens-Voeren,Région flamande,Limbourg (le),NL-fr
3790,Moelingen,Région flamande,Limbourg (le),NL-fr
3791,Remersdaal,Région flamande,Limbourg (le),NL-fr
3792,Sint-Pieters-Voeren,Région flamande,Limbourg (le),NL-fr
3793,Teuven,Région flamande,Limbourg (le),NL-fr
3798,'s-Gravenvoeren,Région flamande,Limbourg (le),NL-fr
3800,Brustem,Région flamande,Limbourg (le),NL
3803,Duras,Région flamande,Limbourg (le),NL
3806,Velm,Région flamande,Limbourg (le),NL
3830,Wellen,Région flamande,Limbourg (le),NL
3831,Herten,Région flamande,Limbourg (le),NL
3832,Ulbeek,Région flamande,Limbourg (le),NL
3840,Borgloon,Région flamande,Limbourg (le),NL
3850,Nieuwerkerken,Région flamande,Limbourg (le),NL
3870,Heers,Région flamande,Limbourg (le),NL
3890,Borlo,Région flamande,Limbourg (le),NL
3891,Buvingen,Région flamande,Limbourg (le),NL
3900,Overpelt,Région flamande,Limbourg (le),NL
3910,Neerpelt,Région flamande,Limbourg (le),NL
3920,Lommel,Région flamande,Limbourg (le),NL
3930,Achel,Région flamande,Limbourg (le),NL
3940,Hechtel,Région flamande,Limbourg (le),NL
3941,Eksel,Région flamande,Limbourg (le),NL
3945,Kwaadmechelen,Région flamande,Limbourg (le),NL
3950,Bocholt,Région flamande,Limbourg (le),NL
3960,Bree,Région flamande,Limbourg (le),NL
3970,Leopoldsburg,Région flamande,Limbourg (le),NL
3971,Heppen,Région flamande,Limbourg (le),NL
3980,Tessenderlo,Région flamande,Limbourg (le),NL
3990,Peer,Région flamande,Limbourg (le),NL
4000,Liège,Région wallonne,Liège,FR
4000,Angleur,Région wallonne,Liège,FR
4020,Jupille-sur-Meuse,Région wallonne,Liège,FR
4030,Grivegnée,Région wallonne,Liège,FR
4031,Angleur,Région wallonne,Liège,FR
4032,Chênée,Région wallonne,Liège,FR
4040,Herstal,Région wallonne,Liège,FR
4041,Milmort,Région wallonne,Liège,FR
4042,Liers,Région wallonne,Liège,FR
4050,Chaudfontaine,Région wallonne,Liège,FR
4051,Vaux-sous-Chèvremont,Région wallonne,Liège,FR
4052,Beaufays,Région wallonne,Liège,FR
4053,Embourg,Région wallonne,Liège,FR
4099,Awans,Région wallonne,Liège,FR
4100,Seraing,Région wallonne,Liège,FR
4101,Jemeppe,Région wallonne,Liège,FR
4102,Ougrée,Région wallonne,Liège,FR
4120,Rotheux-Rimière,Région wallonne,Liège,FR
4121,Neuville-en-Condroz,Région wallonne,Liège,FR
4122,Plainevaux,Région wallonne,Liège,FR
4130,Esneux,Région wallonne,Liège,FR
4140,Sprimont,Région wallonne,Liège,FR
4141,Louveigné,Région wallonne,Liège,FR
4160,Anthisnes,Région wallonne,Liège,FR
4161,Villers-aux-Tours,Région wallonne,Liège,FR
4162,Hody,Région wallonne,Liège,FR
4163,Tavier,Région wallonne,Liège,FR
4170,Comblain-au-Pont,Région wallonne,Liège,FR
4171,Poulseur,Région wallonne,Liège,FR
4180,Hamoir,Région wallonne,Liège,FR
4181,Filot,Région wallonne,Liège,FR
4190,Ferrières,Région wallonne,Liège,FR
4210,Lamontzée,Région wallonne,Liège,FR
4217,Héron,Région wallonne,Liège,FR
4218,Couthuin,Région wallonne,Liège,FR
4219,Meeffe,Région wallonne,Liège,FR
4250,Geer,Région wallonne,Liège,FR
4252,Omal,Région wallonne,Liège,FR
4253,Darion,Région wallonne,Liège,FR
4254,Ligney,Région wallonne,Liège,FR
4257,Corswarem,Région wallonne,Liège,FR
4260,Ville-en-Hesbaye,Région wallonne,Liège,FR
4260,Fallais,Région wallonne,Liège,FR
4261,Latinne,Région wallonne,Liège,FR
4263,Tourinne,Région wallonne,Liège,FR
4280,Hannut,Région wallonne,Liège,FR
4287,Lincent,Région wallonne,Liège,FR
4300,Waremme,Région wallonne,Liège,FR
4317,Celles,Région wallonne,Liège,FR
4340,Villers-l'Évêque,Région wallonne,Liège,FR
4342,Hognoul,Région wallonne,Liège,FR
4347,Fexhe-le-Haut-Clocher,Région wallonne,Liège,FR
4350,Lamine,Région wallonne,Liège,FR
4351,Hodeige,Région wallonne,Liège,FR
4357,Donceel,Région wallonne,Liège,FR
4360,Lens-sur-Geer,Région wallonne,Liège,FR
4367,Crisnée,Région wallonne,Liège,FR
4400,Chokier,Région wallonne,Liège,FR
4420,Saint-Nicolas,Région wallonne,Liège,FR
4430,Ans,Région wallonne,Liège,FR
4431,Loncin,Région wallonne,Liège,FR
4432,Alleur,Région wallonne,Liège,FR
4450,Villers-Saint-Siméon,Région wallonne,Liège,FR
4451,Voroux-lez-Liers,Région wallonne,Liège,FR
4452,Wihogne,Région wallonne,Liège,FR
4453,Villers-Saint-Siméon,Région wallonne,Liège,FR
4458,Fexhe-Slins,Région wallonne,Liège,FR
4460,Velroux,Région wallonne,Liège,FR
4470,Saint-Georges-sur-Meuse,Région wallonne,Liège,FR
4480,Clermont-sous-Huy,Région wallonne,Liège,FR
4500,Ben-Ahin,Région wallonne,Liège,FR
4520,Moha,Région wallonne,Liège,FR
4530,Warnant-Dreye,Région wallonne,Liège,FR
4537,Verlaine,Région wallonne,Liège,FR
4540,Amay,Région wallonne,Liège,FR
4550,Yernée-Fraineux,Région wallonne,Liège,FR
4557,Soheit-Tinlot,Région wallonne,Liège,FR
4560,Clavier,Région wallonne,Liège,FR
4570,Marchin,Région wallonne,Liège,FR
4577,Vierset-Barse,Région wallonne,Liège,FR
4590,Ouffet,Région wallonne,Liège,FR
4600,Visé,Région wallonne,Liège,FR
4601,Argenteau,Région wallonne,Liège,FR
4602,Cheratte,Région wallonne,Liège,FR
4606,Saint-André,Région wallonne,Liège,FR
4607,Bombaye,Région wallonne,Liège,FR
4608,Neufchâteau,Région wallonne,Liège,FR
4610,Queue-du-Bois,Région wallonne,Liège,FR
4620,Fléron,Région wallonne,Liège,FR
4621,Retinne,Région wallonne,Liège,FR
4623,Magnée,Région wallonne,Liège,FR
4624,Romsée,Région wallonne,Liège,FR
4630,Évegnée-Tignée,Région wallonne,Liège,FR
4630,Soumagne,Région wallonne,Liège,FR
4631,Évegnée-Tignée,Région wallonne,Liège,FR
4632,Cerexhe-Heuseux,Région wallonne,Liège,FR
4633,Melen,Région wallonne,Liège,FR
4650,Grand-Rechain,Région wallonne,Liège,FR
4650,Julémont,Région wallonne,Liège,FR
4650,Herve,Région wallonne,Liège,FR
4650,Chaineux,Région wallonne,Liège,FR
4651,Herve,Région wallonne,Liège,FR
4652,Xhendelesse,Région wallonne,Liège,FR
4653,Bolland,Région wallonne,Liège,FR
4654,Charneux,Région wallonne,Liège,FR
4670,Mortier,Région wallonne,Liège,FR
4671,Saive,Région wallonne,Liège,FR
4672,Saint-Remy,Région wallonne,Liège,FR
4680,Hermée,Région wallonne,Liège,FR
4681,Hermalle-sous-Argenteau,Région wallonne,Liège,FR
4682,Heure-le-Romain,Région wallonne,Liège,FR
4683,Vivegnis,Région wallonne,Liège,FR
4684,Haccourt,Région wallonne,Liège,FR
4690,Bassenge,Région wallonne,Liège,FR
4700,Eupen,Région wallonne,Liège,DE-fr
4701,Kettenis,Région wallonne,Liège,DE-fr
4710,Lontzen,Région wallonne,Liège,DE-fr
4711,Walhorn,Région wallonne,Liège,DE-fr
4720,Kelmis,Région wallonne,Liège,DE-fr
4721,Kelmis,Région wallonne,Liège,DE-fr
4728,Hergenrath,Région wallonne,Liège,DE-fr
4730,Raeren,Région wallonne,Liège,DE-fr
4730,Hauset,Région wallonne,Liège,DE-fr
4731,Eynatten,Région wallonne,Liège,DE-fr
4750,Elsenborn,Région wallonne,Liège,DE-fr
4760,Manderfeld,Région wallonne,Liège,DE-fr
4761,Rocherath,Région wallonne,Liège,DE-fr
4770,Amel,Région wallonne,Liège,DE-fr
4771,Heppenbach,Région wallonne,Liège,DE-fr
4780,Sankt Vith,Région wallonne,Liège,DE-fr
4780,Recht,Région wallonne,Liège,DE-fr
4782,Schönberg,Région wallonne,Liège,DE-fr
4783,Lommersweiler,Région wallonne,Liège,DE-fr
4784,Crombach,Région wallonne,Liège,DE-fr
4790,Reuland,Région wallonne,Liège,DE-fr
4791,Thommen,Région wallonne,Liège,DE-fr
4800,Heusy,Région wallonne,Liège,FR
4800,Verviers,Région wallonne,Liège,FR
4801,Stembert,Région wallonne,Liège,FR
4802,Heusy,Région wallonne,Liège,FR
4820,Dison,Région wallonne,Liège,FR
4821,Andrimont,Région wallonne,Liège,FR
4830,Limbourg,Région wallonne,Liège,FR
4831,Bilstain,Région wallonne,Liège,FR
4834,Goé,Région wallonne,Liège,FR
4837,Membach,Région wallonne,Liège,FR
4840,Welkenraedt,Région wallonne,Liège,FR
4841,Henri-Chapelle,Région wallonne,Liège,FR
4845,Sart,Région wallonne,Liège,FR
4850,Montzen,Région wallonne,Liège,FR
4851,Gemmenich,Région wallonne,Liège,FR
4852,Hombourg,Région wallonne,Liège,FR
4860,Pepinster,Région wallonne,Liège,FR
4861,Soiron,Région wallonne,Liège,FR
4870,Olne,Région wallonne,Liège,FR
4877,Olne,Région wallonne,Liège,FR
4880,Aubel,Région wallonne,Liège,FR
4890,Clermont,Région wallonne,Liège,FR
4900,Spa,Région wallonne,Liège,FR
4910,La Reid,Région wallonne,Liège,FR
4920,Aywaille,Région wallonne,Liège,FR
4950,Robertville,Région wallonne,Liège,FR-de
4960,Bevercé,Région wallonne,Liège,FR-de
4970,Stavelot,Région wallonne,Liège,FR
4980,Wanne,Région wallonne,Liège,FR
4983,Basse-Bodeux,Région wallonne,Liège,FR
4987,Stoumont,Région wallonne,Liège,FR
4990,Lierneux,Région wallonne,Liège,FR
5000,Namur,Région wallonne,Namur,FR
5001,Belgrade,Région wallonne,Namur,FR
5002,Saint-Servais,Région wallonne,Namur,FR
5003,Saint-Marc,Région wallonne,Namur,FR
5004,Bouge,Région wallonne,Namur,FR
5010,Namur,Région wallonne,Namur,FR
5012,Namur,Région wallonne,Namur,FR
5020,Vedrin,Région wallonne,Namur,FR
5020,Flawinne,Région wallonne,Namur,FR
5021,Boninne,Région wallonne,Namur,FR
5022,Cognelée,Région wallonne,Namur,FR
5024,Marche-les-Dames,Région wallonne,Namur,FR
5030,Gembloux,Région wallonne,Namur,FR
5031,Grand-Leez,Région wallonne,Namur,FR
5032,Bossière,Région wallonne,Namur,FR
5060,Auvelais,Région wallonne,Namur,FR
5070,Fosses-la-Ville,Région wallonne,Namur,FR
5080,Émines,Région wallonne,Namur,FR
5081,Saint-Denis,Région wallonne,Namur,FR
5100,Dave,Région wallonne,Namur,FR
5101,Loyers,Région wallonne,Namur,FR
5140,Sombreffe,Région wallonne,Namur,FR
5150,Floreffe,Région wallonne,Namur,FR
5170,Bois-de-Villers,Région wallonne,Namur,FR
5190,Moustier,Région wallonne,Namur,FR
5300,Bonneville,Région wallonne,Namur,FR
5310,Éghezée,Région wallonne,Namur,FR
5330,Assesse,Région wallonne,Namur,FR
5330,Maillen,Région wallonne,Namur,FR
5332,Crupet,Région wallonne,Namur,FR
5333,Sorinne-la-Longue,Région wallonne,Namur,FR
5334,Florée,Région wallonne,Namur,FR
5336,Courrière,Région wallonne,Namur,FR
5340,Gesves,Région wallonne,Namur,FR
5350,Haillot,Région wallonne,Namur,FR
5351,Haillot,Région wallonne,Namur,FR
5352,Perwez,Région wallonne,Namur,FR
5353,Goesnes,Région wallonne,Namur,FR
5354,Jallet,Région wallonne,Namur,FR
5360,Hamois,Région wallonne,Namur,FR
5360,Natoye,Région wallonne,Namur,FR
5361,Scy,Région wallonne,Namur,FR
5362,Achet,Région wallonne,Namur,FR
5363,Emptinne,Région wallonne,Namur,FR
5364,Schaltin,Région wallonne,Namur,FR
5370,Jeneffe,Région wallonne,Namur,FR
5372,Méan,Région wallonne,Namur,FR
5374,Maffe,Région wallonne,Namur,FR
5376,Miécret,Région wallonne,Namur,FR
5377,Heure,Région wallonne,Namur,FR
5380,Noville-les-Bois,Région wallonne,Namur,FR
5500,Anseremme,Région wallonne,Namur,FR
5501,Lisogne,Région wallonne,Namur,FR
5502,Thynes,Région wallonne,Namur,FR
5503,Sorinnes,Région wallonne,Namur,FR
5504,Foy-Notre-Dame,Région wallonne,Namur,FR
5520,Onhaye,Région wallonne,Namur,FR
5520,Anthée,Région wallonne,Namur,FR
5521,Serville,Région wallonne,Namur,FR
5522,Falaën,Région wallonne,Namur,FR
5523,Sommière,Région wallonne,Namur,FR
5524,Gerin,Région wallonne,Namur,FR
5530,Durnal,Région wallonne,Namur,FR
5537,Bioul,Région wallonne,Namur,FR
5540,Hastière-par-delà,Région wallonne,Namur,FR
5541,Hastière-par-delà,Région wallonne,Namur,FR
5542,Blaimont,Région wallonne,Namur,FR
5543,Heer,Région wallonne,Namur,FR
5544,Agimont,Région wallonne,Namur,FR
5550,Sugny,Région wallonne,Namur,FR
5555,Monceau-en-Ardenne,Région wallonne,Namur,FR
5560,Mesnil-Église,Région wallonne,Namur,FR
5560,Ciergnon,Région wallonne,Namur,FR
5561,Celles,Région wallonne,Namur,FR
5562,Custinne,Région wallonne,Namur,FR
5563,Hour,Région wallonne,Namur,FR
5564,Wanlin,Région wallonne,Namur,FR
5570,Honnay,Région wallonne,Namur,FR
5570,Javingue,Région wallonne,Namur,FR
5571,Wiesme,Région wallonne,Namur,FR
5572,Focant,Région wallonne,Namur,FR
5573,Martouzin-Neuville,Région wallonne,Namur,FR
5574,Pondrôme,Région wallonne,Namur,FR
5575,Rienne,Région wallonne,Namur,FR
5576,Froidfontaine,Région wallonne,Namur,FR
5580,Éprave,Région wallonne,Namur,FR
5589,Jemelle,Région wallonne,Namur,FR
5590,Leignon,Région wallonne,Namur,FR
5600,Sautour,Région wallonne,Namur,FR
5620,Rosée,Région wallonne,Namur,FR
5621,Hanzinelle,Région wallonne,Namur,FR
5630,Soumoy,Région wallonne,Namur,FR
5640,Mettet,Région wallonne,Namur,FR
5641,Furnaux,Région wallonne,Namur,FR
5644,Ermeton-sur-Biert,Région wallonne,Namur,FR
5646,Stave,Région wallonne,Namur,FR
5650,Walcourt,Région wallonne,Namur,FR
5651,Gourdinne,Région wallonne,Namur,FR
5660,Couvin,Région wallonne,Namur,FR
5670,Olloy-sur-Viroin,Région wallonne,Namur,FR
5680,Romerée,Région wallonne,Namur,FR
6000,Charleroi,Région wallonne,Hainaut (le),FR
6001,Marcinelle,Région wallonne,Hainaut (le),FR
6010,Couillet,Région wallonne,Hainaut (le),FR
6020,Dampremy,Région wallonne,Hainaut (le),FR
6030,Marchienne-au-Pont,Région wallonne,Hainaut (le),FR
6030,Goutroux,Région wallonne,Hainaut (le),FR
6031,Monceau-sur-Sambre,Région wallonne,Hainaut (le),FR
6032,Mont-sur-Marchienne,Région wallonne,Hainaut (le),FR
6040,Jumet,Région wallonne,Hainaut (le),FR
6041,Gosselies,Région wallonne,Hainaut (le),FR
6042,Lodelinsart,Région wallonne,Hainaut (le),FR
6043,Ransart,Région wallonne,Hainaut (le),FR
6044,Roux,Région wallonne,Hainaut (le),FR
6060,Gilly,Région wallonne,Hainaut (le),FR
6061,Montignies-sur-Sambre,Région wallonne,Hainaut (le),FR
6075,Fleurus,Région wallonne,Hainaut (le),FR
6099,Fleurus,Région wallonne,Hainaut (le),FR
6110,Montignies-le-Tilleul,Région wallonne,Hainaut (le),FR
6111,Landelies,Région wallonne,Hainaut (le),FR
6120,Ham-sur-Heure,Région wallonne,Hainaut (le),FR
6140,Fontaine-l'Évêque,Région wallonne,Hainaut (le),FR
6141,Forchies-la-Marche,Région wallonne,Hainaut (le),FR
6142,Leernes,Région wallonne,Hainaut (le),FR
6150,Anderlues,Région wallonne,Hainaut (le),FR
6180,Courcelles,Région wallonne,Hainaut (le),FR
6181,Gouy-lez-Piéton,Région wallonne,Hainaut (le),FR
6182,Souvret,Région wallonne,Hainaut (le),FR
6183,Trazegnies,Région wallonne,Hainaut (le),FR
6200,Bouffioulx,Région wallonne,Hainaut (le),FR
6210,Frasnes-lez-Gosselies,Région wallonne,Hainaut (le),FR
6210,Wayaux,Région wallonne,Hainaut (le),FR
6211,Mellet,Région wallonne,Hainaut (le),FR
6220,Fleurus,Région wallonne,Hainaut (le),FR
6221,Saint-Amand,Région wallonne,Hainaut (le),FR
6222,Brye,Région wallonne,Hainaut (le),FR
6223,Wagnelée,Région wallonne,Hainaut (le),FR
6224,Wanfercée-Baulet,Région wallonne,Hainaut (le),FR
6230,Luttre,Région wallonne,Hainaut (le),FR
6238,Liberchies,Région wallonne,Hainaut (le),FR
6240,Farciennes,Région wallonne,Hainaut (le),FR
6250,Aiseau,Région wallonne,Hainaut (le),FR
6280,Acoz,Région wallonne,Hainaut (le),FR
6440,Froid-Chapelle,Région wallonne,Hainaut (le),FR
6441,Erpion,Région wallonne,Hainaut (le),FR
6460,Robechies,Région wallonne,Hainaut (le),FR
6461,Virelles,Région wallonne,Hainaut (le),FR
6462,Vaulx,Région wallonne,Hainaut (le),FR
6463,Lompret,Région wallonne,Hainaut (le),FR
6464,Bourlers,Région wallonne,Hainaut (le),FR
6470,Sautin,Région wallonne,Hainaut (le),FR
6500,Solre-Saint-Géry,Région wallonne,Hainaut (le),FR
6511,Strée,Région wallonne,Hainaut (le),FR
6530,Thuin,Région wallonne,Hainaut (le),FR
6530,Leers-et-Fosteau,Région wallonne,Hainaut (le),FR
6531,Biesme-sous-Thuin,Région wallonne,Hainaut (le),FR
6532,Ragnies,Région wallonne,Hainaut (le),FR
6533,Biercée,Région wallonne,Hainaut (le),FR
6534,Gozée,Région wallonne,Hainaut (le),FR
6536,Thuillies,Région wallonne,Hainaut (le),FR
6540,Lobbes,Région wallonne,Hainaut (le),FR
6542,Sars-la-Buissière,Région wallonne,Hainaut (le),FR
6543,Bienne-lez-Happart,Région wallonne,Hainaut (le),FR
6560,Solre-sur-Sambre,Région wallonne,Hainaut (le),FR
6567,Labuissière,Région wallonne,Hainaut (le),FR
6590,Momignies,Région wallonne,Hainaut (le),FR
6591,Macon,Région wallonne,Hainaut (le),FR
6592,Monceau-Imbrechies,Région wallonne,Hainaut (le),FR
6593,Macquenoise,Région wallonne,Hainaut (le),FR
6594,Beauwelz,Région wallonne,Hainaut (le),FR
6596,Forge-Philippe,Région wallonne,Hainaut (le),FR
6600,Wardin,Région wallonne,Luxembourg,FR
6630,Martelange,Région wallonne,Luxembourg,FR
6637,Hollange,Région wallonne,Luxembourg,FR
6640,Nives,Région wallonne,Luxembourg,FR
6660,Houffalize,Région wallonne,Luxembourg,FR
6660,Nadrin,Région wallonne,Luxembourg,FR
6661,Mont,Région wallonne,Luxembourg,FR
6662,Tavigny,Région wallonne,Luxembourg,FR
6663,Mabompré,Région wallonne,Luxembourg,FR
6666,Wibrin,Région wallonne,Luxembourg,FR
6670,Limerlé,Région wallonne,Luxembourg,FR
6671,Bovigny,Région wallonne,Luxembourg,FR
6672,Beho,Région wallonne,Luxembourg,FR
6673,Cherain,Région wallonne,Luxembourg,FR
6674,Montleban,Région wallonne,Luxembourg,FR
6680,Tillet,Région wallonne,Luxembourg,FR
6681,Lavacherie,Région wallonne,Luxembourg,FR
6686,Flamierge,Région wallonne,Luxembourg,FR
6687,Bertogne,Région wallonne,Luxembourg,FR
6688,Longchamps,Région wallonne,Luxembourg,FR
6690,Bihain,Région wallonne,Luxembourg,FR
6690,Petit-Thier,Région wallonne,Luxembourg,FR
6692,Petit-Thier,Région wallonne,Luxembourg,FR
6698,Grand-Halleux,Région wallonne,Luxembourg,FR
6700,Heinsch,Région wallonne,Luxembourg,FR
6704,Guirsch,Région wallonne,Luxembourg,FR
6706,Autelbas,Région wallonne,Luxembourg,FR
6717,Attert,Région wallonne,Luxembourg,FR
6720,Habay-la-Neuve,Région wallonne,Luxembourg,FR
6721,Anlier,Région wallonne,Luxembourg,FR
6723,Habay-la-Vieille,Région wallonne,Luxembourg,FR
6724,Houdemont,Région wallonne,Luxembourg,FR
6730,Tintigny,Région wallonne,Luxembourg,FR
6740,Étalle,Région wallonne,Luxembourg,FR
6741,Vance,Région wallonne,Luxembourg,FR
6742,Chantemelle,Région wallonne,Luxembourg,FR
6743,Buzenol,Région wallonne,Luxembourg,FR
6747,Saint-Léger,Région wallonne,Luxembourg,FR
6750,Musson,Région wallonne,Luxembourg,FR
6760,Èthe,Région wallonne,Luxembourg,FR
6761,Latour,Région wallonne,Luxembourg,FR
6762,Saint-Mard,Région wallonne,Luxembourg,FR
6767,Harnoncourt,Région wallonne,Luxembourg,FR
6769,Meix-devant-Virton,Région wallonne,Luxembourg,FR
6780,Hondelange,Région wallonne,Luxembourg,FR
6781,Sélange,Région wallonne,Luxembourg,FR
6782,Habergy,Région wallonne,Luxembourg,FR
6790,Aubange,Région wallonne,Luxembourg,FR
6791,Athus,Région wallonne,Luxembourg,FR
6792,Halanzy,Région wallonne,Luxembourg,FR
6800,Bras,Région wallonne,Luxembourg,FR
6810,Izel,Région wallonne,Luxembourg,FR
6811,Suxy,Région wallonne,Luxembourg,FR
6812,Suxy,Région wallonne,Luxembourg,FR
6813,Termes,Région wallonne,Luxembourg,FR
6820,Muno,Région wallonne,Luxembourg,FR
6820,Florenville,Région wallonne,Luxembourg,FR
6821,Lacuisine,Région wallonne,Luxembourg,FR
6823,Villers-devant-Orval,Région wallonne,Luxembourg,FR
6824,Chassepierre,Région wallonne,Luxembourg,FR
6830,Bouillon,Région wallonne,Luxembourg,FR
6830,Rochehaut,Région wallonne,Luxembourg,FR
6831,Noirefontaine,Région wallonne,Luxembourg,FR
6832,Sensenruth,Région wallonne,Luxembourg,FR
6833,Ucimont,Région wallonne,Luxembourg,FR
6834,Bellevaux,Région wallonne,Luxembourg,FR
6836,Dohan,Région wallonne,Luxembourg,FR
6838,Corbion,Région wallonne,Luxembourg,FR
6840,Neufchâteau,Région wallonne,Luxembourg,FR
6850,Paliseul,Région wallonne,Luxembourg,FR
6851,Nollevaux,Région wallonne,Luxembourg,FR
6852,Opont,Région wallonne,Luxembourg,FR
6853,Framont,Région wallonne,Luxembourg,FR
6856,Fays-les-Veneurs,Région wallonne,Luxembourg,FR
6860,Léglise,Région wallonne,Luxembourg,FR
6870,Arville,Région wallonne,Luxembourg,FR
6880,Bertrix,Région wallonne,Luxembourg,FR
6887,Saint-Médard,Région wallonne,Luxembourg,FR
6890,Villance,Région wallonne,Luxembourg,FR
6900,Waha,Région wallonne,Luxembourg,FR
6920,Wellin,Région wallonne,Luxembourg,FR
6920,Sohier,Région wallonne,Luxembourg,FR
6921,Chanly,Région wallonne,Luxembourg,FR
6922,Halma,Région wallonne,Luxembourg,FR
6924,Lomprez,Région wallonne,Luxembourg,FR
6927,Tellin,Région wallonne,Luxembourg,FR
6929,Gembes,Région wallonne,Luxembourg,FR
6940,Grandhan,Région wallonne,Luxembourg,FR
6941,Bomal,Région wallonne,Luxembourg,FR
6950,Nassogne,Région wallonne,Luxembourg,FR
6951,Bande,Région wallonne,Luxembourg,FR
6952,Grune,Région wallonne,Luxembourg,FR
6953,Forrières,Région wallonne,Luxembourg,FR
6960,Grandmenil,Région wallonne,Luxembourg,FR
6970,Tenneville,Région wallonne,Luxembourg,FR
6971,Champlon,Région wallonne,Luxembourg,FR
6972,Erneuville,Région wallonne,Luxembourg,FR
6980,Beausaint,Région wallonne,Luxembourg,FR
6982,Samrée,Région wallonne,Luxembourg,FR
6983,Ortho,Région wallonne,Luxembourg,FR
6984,Hives,Région wallonne,Luxembourg,FR
6986,Halleux,Région wallonne,Luxembourg,FR
6987,Rendeux,Région wallonne,Luxembourg,FR
6990,Hotton,Région wallonne,Luxembourg,FR
6997,Érezée,Région wallonne,Luxembourg,FR
7000,Mons,Région wallonne,Hainaut (le),FR
7010,Maisières,Région wallonne,Hainaut (le),FR
7011,Ghlin,Région wallonne,Hainaut (le),FR
7012,Jemappes,Région wallonne,Hainaut (le),FR
7020,Maisières,Région wallonne,Hainaut (le),FR
7021,Havré,Région wallonne,Hainaut (le),FR
7022,Harmignies,Région wallonne,Hainaut (le),FR
7024,Ciply,Région wallonne,Hainaut (le),FR
7030,Saint-Symphorien,Région wallonne,Hainaut (le),FR
7031,Villers-Saint-Ghislain,Région wallonne,Hainaut (le),FR
7032,Spiennes,Région wallonne,Hainaut (le),FR
7033,Cuesmes,Région wallonne,Hainaut (le),FR
7034,Obourg,Région wallonne,Hainaut (le),FR
7040,Quévy-le-Petit,Région wallonne,Hainaut (le),FR
7041,Givry,Région wallonne,Hainaut (le),FR
7050,Jurbise,Région wallonne,Hainaut (le),FR
7060,Horrues,Région wallonne,Hainaut (le),FR
7061,Thieusies,Région wallonne,Hainaut (le),FR
7062,Naast,Région wallonne,Hainaut (le),FR
7063,Neufvilles,Région wallonne,Hainaut (le),FR
7070,Le Roeulx,Région wallonne,Hainaut (le),FR
7080,Eugies,Région wallonne,Hainaut (le),FR
7090,Braine-le-Comte,Région wallonne,Hainaut (le),FR
7100,La Louvière,Région wallonne,Hainaut (le),FR
7110,Strépy-Bracquegnies,Région wallonne,Hainaut (le),FR
7120,Estinnes-au-Mont,Région wallonne,Hainaut (le),FR
7130,Binche,Région wallonne,Hainaut (le),FR
7130,Bray,Région wallonne,Hainaut (le),FR
7131,Waudrez,Région wallonne,Hainaut (le),FR
7133,Buvrinnes,Région wallonne,Hainaut (le),FR
7134,Ressaix,Région wallonne,Hainaut (le),FR
7140,Morlanwelz-Mariemont,Région wallonne,Hainaut (le),FR
7141,Carnières,Région wallonne,Hainaut (le),FR
7160,Chapelle-lez-Herlaimont,Région wallonne,Hainaut (le),FR
7170,Manage,Région wallonne,Hainaut (le),FR
7180,Seneffe,Région wallonne,Hainaut (le),FR
7181,Feluy,Région wallonne,Hainaut (le),FR
7190,Écaussinnes-d'Enghien,Région wallonne,Hainaut (le),FR
7191,Écaussinnes-d'Enghien,Région wallonne,Hainaut (le),FR
7300,Boussu,Région wallonne,Hainaut (le),FR
7301,Hornu,Région wallonne,Hainaut (le),FR
7320,Bernissart,Région wallonne,Hainaut (le),FR
7321,Blaton,Région wallonne,Hainaut (le),FR
7322,Ville-Pommeroeul,Région wallonne,Hainaut (le),FR
7330,Saint-Ghislain,Région wallonne,Hainaut (le),FR
7331,Baudour,Région wallonne,Hainaut (le),FR
7332,Sirault,Région wallonne,Hainaut (le),FR
7333,Tertre,Région wallonne,Hainaut (le),FR
7334,Hautrage,Région wallonne,Hainaut (le),FR
7340,Wasmes,Région wallonne,Hainaut (le),FR
7350,Montrœul-sur-Haine,Région wallonne,Hainaut (le),FR
7370,Dour,Région wallonne,Hainaut (le),FR
7380,Baisieux,Région wallonne,Hainaut (le),FR
7382,Audregnies,Région wallonne,Hainaut (le),FR
7387,Autreppe,Région wallonne,Hainaut (le),FR
7390,Quaregnon,Région wallonne,Hainaut (le),FR
7500,Tournai,Région wallonne,Hainaut (le),FR
7501,Orcq,Région wallonne,Hainaut (le),FR
7502,Esplechin,Région wallonne,Hainaut (le),FR
7503,Froyennes,Région wallonne,Hainaut (le),FR
7504,Froidmont,Région wallonne,Hainaut (le),FR
7506,Willemeau,Région wallonne,Hainaut (le),FR
7510,Orcq,Région wallonne,Hainaut (le),FR
7511,Orcq,Région wallonne,Hainaut (le),FR
7512,Kain,Région wallonne,Hainaut (le),FR
7513,Kain,Région wallonne,Hainaut (le),FR
7520,Templeuve,Région wallonne,Hainaut (le),FR
7521,Chercq,Région wallonne,Hainaut (le),FR
7522,Hertain,Région wallonne,Hainaut (le),FR
7530,Gaurain-Ramecroix,Région wallonne,Hainaut (le),FR
7531,Havinnes,Région wallonne,Hainaut (le),FR
7532,Beclers,Région wallonne,Hainaut (le),FR
7533,Thimougies,Région wallonne,Hainaut (le),FR
7534,Maulde,Région wallonne,Hainaut (le),FR
7536,Vaulx,Région wallonne,Hainaut (le),FR
7538,Vezon,Région wallonne,Hainaut (le),FR
7540,Mourcourt,Région wallonne,Hainaut (le),FR
7542,Mont-Saint-Aubert,Région wallonne,Hainaut (le),FR
7543,Mourcourt,Région wallonne,Hainaut (le),FR
7548,Warchin,Région wallonne,Hainaut (le),FR
7600,Péruwelz,Région wallonne,Hainaut (le),FR
7601,Roucourt,Région wallonne,Hainaut (le),FR
7602,Bury,Région wallonne,Hainaut (le),FR
7603,Bon-Secours,Région wallonne,Hainaut (le),FR
7604,Wasmes-Audemez-Briffoeil,Région wallonne,Hainaut (le),FR
7608,Wiers,Région wallonne,Hainaut (le),FR
7610,Rumes,Région wallonne,Hainaut (le),FR
7611,La Glanerie,Région wallonne,Hainaut (le),FR
7618,Taintignies,Région wallonne,Hainaut (le),FR
7620,Jollain-Merlin,Région wallonne,Hainaut (le),FR
7621,Lesdain,Région wallonne,Hainaut (le),FR
7622,Laplaigne,Région wallonne,Hainaut (le),FR
7623,Rongy,Région wallonne,Hainaut (le),FR
7624,Howardries,Région wallonne,Hainaut (le),FR
7640,Maubray,Région wallonne,Hainaut (le),FR
7641,Bruyelle,Région wallonne,Hainaut (le),FR
7642,Calonne,Région wallonne,Hainaut (le),FR
7643,Fontenoy,Région wallonne,Hainaut (le),FR
7700,Mouscron,Région wallonne,Hainaut (le),FR-nl
7711,Dottignies,Région wallonne,Hainaut (le),FR-nl
7712,Herseaux,Région wallonne,Hainaut (le),FR-nl
7730,Estaimbourg,Région wallonne,Hainaut (le),FR
7740,Pecq,Région wallonne,Hainaut (le),FR
7742,Hérinnes,Région wallonne,Hainaut (le),FR
7743,Obigies,Région wallonne,Hainaut (le),FR
7750,Anseroeul,Région wallonne,Hainaut (le),FR
7760,Celles,Région wallonne,Hainaut (le),FR
7780,Comines,Région wallonne,Hainaut (le),FR-nl
7781,Houthem,Région wallonne,Hainaut (le),FR-nl
7782,Ploegsteert,Région wallonne,Hainaut (le),FR-nl
7783,Ploegsteert,Région wallonne,Hainaut (le),FR-nl
7784,Warneton,Région wallonne,Hainaut (le),FR-nl
7800,Ath,Région wallonne,Hainaut (le),FR
7801,Irchonwelz,Région wallonne,Hainaut (le),FR
7802,Ormeignies,Région wallonne,Hainaut (le),FR
7803,Ath,Région wallonne,Hainaut (le),FR
7803,Bouvignies,Région wallonne,Hainaut (le),FR
7804,Ostiches,Région wallonne,Hainaut (le),FR
7810,Maffle,Région wallonne,Hainaut (le),FR
7811,Arbre,Région wallonne,Hainaut (le),FR
7812,Villers-Saint-Amand,Région wallonne,Hainaut (le),FR
7822,Meslin-l'Évêque,Région wallonne,Hainaut (le),FR
7823,Gibecq,Région wallonne,Hainaut (le),FR
7830,Silly,Région wallonne,Hainaut (le),FR
7850,Hoves,Région wallonne,Hainaut (le),FR
7860,Lessines,Région wallonne,Hainaut (le),FR
7861,Wannebecq,Région wallonne,Hainaut (le),FR
7862,Ogy,Région wallonne,Hainaut (le),FR
7863,Ghoy,Région wallonne,Hainaut (le),FR
7864,Deux-Acren,Région wallonne,Hainaut (le),FR
7866,Ollignies,Région wallonne,Hainaut (le),FR
7870,Montignies-lez-Lens,Région wallonne,Hainaut (le),FR
7880,Flobecq,Région wallonne,Hainaut (le),FR-nl
7890,Wodecq,Région wallonne,Hainaut (le),FR
7900,Leuze,Région wallonne,Hainaut (le),FR
7901,Thieulain,Région wallonne,Hainaut (le),FR
7903,Chapelle-à-Oie,Région wallonne,Hainaut (le),FR
7904,Leuze,Région wallonne,Hainaut (le),FR
7906,Gallaix,Région wallonne,Hainaut (le),FR
7910,Cordes,Région wallonne,Hainaut (le),FR
7911,Frasnes-lez-Buissenal,Région wallonne,Hainaut (le),FR
7912,Saint-Sauveur,Région wallonne,Hainaut (le),FR
7940,Brugelette,Région wallonne,Hainaut (le),FR
7941,Attre,Région wallonne,Hainaut (le),FR
7942,Mévergnies-lez-Lens,Région wallonne,Hainaut (le),FR
7943,Gages,Région wallonne,Hainaut (le),FR
7950,Chièvres,Région wallonne,Hainaut (le),FR
7951,Tongre-Notre-Dame,Région wallonne,Hainaut (le),FR
7970,Belœil,Région wallonne,Hainaut (le),FR
7971,Wadelincourt,Région wallonne,Hainaut (le),FR
7972,Ellignies-Sainte-Anne,Région wallonne,Hainaut (le),FR
7973,Stambruges,Région wallonne,Hainaut (le),FR
8000,Brugge,Région flamande,Flandre occidentale (la),NL
8020,Waardamme,Région flamande,Flandre occidentale (la),NL
8200,Sint-Andries,Région flamande,Flandre occidentale (la),NL
8210,Zedelgem,Région flamande,Flandre occidentale (la),NL
8211,Aartrijke,Région flamande,Flandre occidentale (la),NL
8300,Knokke,Région flamande,Flandre occidentale (la),NL
8301,Ramskapelle,Région flamande,Flandre occidentale (la),NL
8310,Sint-Kruis,Région flamande,Flandre occidentale (la),NL
8340,Moerkerke,Région flamande,Flandre occidentale (la),NL
8370,Uitkerke,Région flamande,Flandre occidentale (la),NL
8377,Houtave,Région flamande,Flandre occidentale (la),NL
8380,Lissewege,Région flamande,Flandre occidentale (la),NL
8400,Stene,Région flamande,Flandre occidentale (la),NL
8420,Klemskerke,Région flamande,Flandre occidentale (la),NL
8420,Wenduine,Région flamande,Flandre occidentale (la),NL
8421,Vlissegem,Région flamande,Flandre occidentale (la),NL
8430,Wilskerke,Région flamande,Flandre occidentale (la),NL
8431,Wilskerke,Région flamande,Flandre occidentale (la),NL
8432,Leffinge,Région flamande,Flandre occidentale (la),NL
8433,Slijpe,Région flamande,Flandre occidentale (la),NL
8434,Westende,Région flamande,Flandre occidentale (la),NL
8450,Bredene,Région flamande,Flandre occidentale (la),NL
8460,Oudenburg,Région flamande,Flandre occidentale (la),NL
8470,Gistel,Région flamande,Flandre occidentale (la),NL
8480,Eernegem,Région flamande,Flandre occidentale (la),NL
8490,Jabbeke,Région flamande,Flandre occidentale (la),NL
8500,Kortrijk,Région flamande,Flandre occidentale (la),NL
8501,Heule,Région flamande,Flandre occidentale (la),NL
8510,Bellegem,Région flamande,Flandre occidentale (la),NL
8511,Aalbeke,Région flamande,Flandre occidentale (la),NL
8520,Kuurne,Région flamande,Flandre occidentale (la),NL
8530,Harelbeke,Région flamande,Flandre occidentale (la),NL
8531,Hulste,Région flamande,Flandre occidentale (la),NL
8540,Deerlijk,Région flamande,Flandre occidentale (la),NL
8550,Zwevegem,Région flamande,Flandre occidentale (la),NL
8551,Heestert,Région flamande,Flandre occidentale (la),NL
8552,Moen,Région flamande,Flandre occidentale (la),NL
8553,Otegem,Région flamande,Flandre occidentale (la),NL
8554,Sint-Denijs,Région flamande,Flandre occidentale (la),NL
8560,Moorsele,Région flamande,Flandre occidentale (la),NL
8570,Anzegem,Région flamande,Flandre occidentale (la),NL
8572,Kaster,Région flamande,Flandre occidentale (la),NL
8573,Tiegem,Région flamande,Flandre occidentale (la),NL
8580,Avelgem,Région flamande,Flandre occidentale (la),NL
8581,Kerkhove,Région flamande,Flandre occidentale (la),NL
8582,Outrijve,Région flamande,Flandre occidentale (la),NL
8583,Bossuit,Région flamande,Flandre occidentale (la),NL
8587,Helkijn,Région flamande,Flandre occidentale (la),NL-fr
8600,Beerst,Région flamande,Flandre occidentale (la),NL
8610,Handzame,Région flamande,Flandre occidentale (la),NL
8620,Ramskapelle,Région flamande,Flandre occidentale (la),NL
8630,Bulskamp,Région flamande,Flandre occidentale (la),NL
8640,Oostvleteren,Région flamande,Flandre occidentale (la),NL
8647,Pollinkhove,Région flamande,Flandre occidentale (la),NL
8650,Klerken,Région flamande,Flandre occidentale (la),NL
8660,Adinkerke,Région flamande,Flandre occidentale (la),NL
8670,Oostduinkerke,Région flamande,Flandre occidentale (la),NL
8680,Koekelare,Région flamande,Flandre occidentale (la),NL
8690,Alveringem,Région flamande,Flandre occidentale (la),NL
8691,Leisele,Région flamande,Flandre occidentale (la),NL
8700,Tielt,Région flamande,Flandre occidentale (la),NL
8710,Wielsbeke,Région flamande,Flandre occidentale (la),NL
8720,Markegem,Région flamande,Flandre occidentale (la),NL
8730,Beernem,Région flamande,Flandre occidentale (la),NL
8740,Pittem,Région flamande,Flandre occidentale (la),NL
8750,Wingene,Région flamande,Flandre occidentale (la),NL
8755,Ruiselede,Région flamande,Flandre occidentale (la),NL
8760,Meulebeke,Région flamande,Flandre occidentale (la),NL
8770,Ingelmunster,Région flamande,Flandre occidentale (la),NL
8780,Oostrozebeke,Région flamande,Flandre occidentale (la),NL
8790,Waregem,Région flamande,Flandre occidentale (la),NL
8791,Beveren,Région flamande,Flandre occidentale (la),NL
8792,Desselgem,Région flamande,Flandre occidentale (la),NL
8793,Sint-Eloois-Vijve,Région flamande,Flandre occidentale (la),NL
8800,Roeselare,Région flamande,Flandre occidentale (la),NL
8810,Lichtervelde,Région flamande,Flandre occidentale (la),NL
8820,Torhout,Région flamande,Flandre occidentale (la),NL
8830,Hooglede,Région flamande,Flandre occidentale (la),NL
8840,Staden,Région flamande,Flandre occidentale (la),NL
8850,Ardooie,Région flamande,Flandre occidentale (la),NL
8851,Koolskamp,Région flamande,Flandre occidentale (la),NL
8860,Lendelede,Région flamande,Flandre occidentale (la),NL
8870,Izegem,Région flamande,Flandre occidentale (la),NL
8880,Rollegem-Kapelle,Région flamande,Flandre occidentale (la),NL
8890,Moorslede,Région flamande,Flandre occidentale (la),NL
8900,Dikkebus,Région flamande,Flandre occidentale (la),NL
8900,Ieper,Région flamande,Flandre occidentale (la),NL
8902,Zillebeke,Région flamande,Flandre occidentale (la),NL
8904,Boezinge,Région flamande,Flandre occidentale (la),NL
8906,Elverdinge,Région flamande,Flandre occidentale (la),NL
8908,Vlamertinge,Région flamande,Flandre occidentale (la),NL
8920,Langemark,Région flamande,Flandre occidentale (la),NL
8930,Menen,Région flamande,Flandre occidentale (la),NL
8940,Geluwe,Région flamande,Flandre occidentale (la),NL
8950,Nieuwkerke,Région flamande,Flandre occidentale (la),NL
8951,Dranouter,Région flamande,Flandre occidentale (la),NL
8952,Wulvergem,Région flamande,Flandre occidentale (la),NL
8953,Wijtschate,Région flamande,Flandre occidentale (la),NL
8954,Westouter,Région flamande,Flandre occidentale (la),NL
8956,Kemmel,Région flamande,Flandre occidentale (la),NL
8957,Mesen,Région flamande,Flandre occidentale (la),NL-fr
8958,Loker,Région flamande,Flandre occidentale (la),NL
8970,Poperinge,Région flamande,Flandre occidentale (la),NL
8972,Proven,Région flamande,Flandre occidentale (la),NL
8978,Watou,Région flamande,Flandre occidentale (la),NL
8980,Zonnebeke,Région flamande,Flandre occidentale (la),NL
9000,Gent,Région flamande,Flandre orientale (la),NL
9030,Mariakerke,Région flamande,Flandre orientale (la),NL
9031,Drongen,Région flamande,Oost-Vlaanderen,NL
9032,Wondelgem,Région flamande,Flandre orientale (la),NL
9040,Sint-Amandsberg,Région flamande,Flandre orientale (la),NL
9041,Oostakker,Région flamande,Flandre orientale (la),NL
9042,Sint-Kruis-Winkel,Région flamande,Flandre orientale (la),NL
9050,Gentbrugge,Région flamande,Flandre orientale (la),NL
9051,Sint-Denijs-Westrem,Région flamande,Flandre orientale (la),NL
9052,Zwijnaarde,Région flamande,Flandre orientale (la),NL
9060,Zelzate,Région flamande,Flandre orientale (la),NL
9070,Heusden,Région flamande,Flandre orientale (la),NL
9075,Wondelgem,Région flamande,Flandre orientale (la),NL
9080,Lochristi,Région flamande,Flandre orientale (la),NL
9090,Melle,Région flamande,Flandre orientale (la),NL
9099,Wondelgem,Région flamande,Flandre orientale (la),NL
9100,Sint-Niklaas,Région flamande,Flandre orientale (la),NL
9111,Belsele,Région flamande,Flandre orientale (la),NL
9112,Sinaai,Région flamande,Oost-Vlaanderen,NL
9120,Beveren,Région flamande,Flandre orientale (la),NL
9130,Kieldrecht,Région flamande,Flandre orientale (la),NL
9140,Temse,Région flamande,Flandre orientale (la),NL
9150,Bazel,Région flamande,Flandre orientale (la),NL
9160,Lokeren,Région flamande,Flandre orientale (la),NL
9170,Sint-Gillis-Waas,Région flamande,Flandre orientale (la),NL
9180,Moerbeke,Région flamande,Flandre orientale (la),NL
9185,Wachtebeke,Région flamande,Flandre orientale (la),NL
9190,Stekene,Région flamande,Flandre orientale (la),NL
9200,Dendermonde,Région flamande,Flandre orientale (la),NL
9220,Hamme,Région flamande,Flandre orientale (la),NL
9230,Wetteren,Région flamande,Flandre orientale (la),NL
9240,Zele,Région flamande,Flandre orientale (la),NL
9250,Waasmunster,Région flamande,Flandre orientale (la),NL
9255,Buggenhout,Région flamande,Flandre orientale (la),NL
9260,Schellebelle,Région flamande,Flandre orientale (la),NL
9270,Laarne,Région flamande,Flandre orientale (la),NL
9280,Lebbeke,Région flamande,Flandre orientale (la),NL
9290,Uitbergen,Région flamande,Flandre orientale (la),NL
9300,Aalst,Région flamande,Flandre orientale (la),NL
9308,Hofstade,Région flamande,Oost-Vlaanderen,NL
9310,Moorsel,Région flamande,Flandre orientale (la),NL
9320,Erembodegem,Région flamande,Flandre orientale (la),NL
9340,Impe,Région flamande,Flandre orientale (la),NL
9400,Denderwindeke,Région flamande,Flandre orientale (la),NL
9400,Nederhasselt,Région flamande,Flandre orientale (la),NL
9400,Ninove,Région flamande,Flandre orientale (la),NL
9401,Pollare,Région flamande,Flandre orientale (la),NL
9402,Meerbeke,Région flamande,Flandre orientale (la),NL
9403,Neigem,Région flamande,Flandre orientale (la),NL
9404,Aspelare,Région flamande,Flandre orientale (la),NL
9406,Outer,Région flamande,Flandre orientale (la),NL
9420,Mere,Région flamande,Flandre orientale (la),NL
9450,Denderhoutem,Région flamande,Flandre orientale (la),NL
9451,Kerksken,Région flamande,Flandre orientale (la),NL
9470,Denderleeuw,Région flamande,Flandre orientale (la),NL
9472,Iddergem,Région flamande,Flandre orientale (la),NL
9473,Welle,Région flamande,Oost-Vlaanderen,NL
9500,Overboelare,Région flamande,Flandre orientale (la),NL
9500,Ophasselt,Région flamande,Flandre orientale (la),NL
9506,Grimminge,Région flamande,Flandre orientale (la),NL
9520,Vlierzele,Région flamande,Flandre orientale (la),NL
9520,Sint-Lievens-Houtem,Région flamande,Flandre orientale (la),NL
9521,Letterhoutem,Région flamande,Flandre orientale (la),NL
9550,Sint-Lievens-Esse,Région flamande,Flandre orientale (la),NL
9551,Ressegem,Région flamande,Flandre orientale (la),NL
9552,Borsbeke,Région flamande,Flandre orientale (la),NL
9570,Sint-Maria-Lierde,Région flamande,Flandre orientale (la),NL
9570,Deftinge,Région flamande,Flandre orientale (la),NL
9571,Hemelveerdegem,Région flamande,Flandre orientale (la),NL
9572,Sint-Martens-Lierde,Région flamande,Flandre orientale (la),NL
9600,Ronse,Région flamande,Flandre orientale (la),NL-fr
9620,Strijpen,Région flamande,Flandre orientale (la),NL
9630,Munkzwalm,Région flamande,Flandre orientale (la),NL
9636,Nederzwalm-Hermelgem,Région flamande,Flandre orientale (la),NL
9660,Nederbrakel,Région flamande,Flandre orientale (la),NL
9661,Parike,Région flamande,Flandre orientale (la),NL
9667,Sint-Kornelis-Horebeke,Région flamande,Flandre orientale (la),NL
9680,Etikhove,Région flamande,Flandre orientale (la),NL
9681,Nukerke,Région flamande,Flandre orientale (la),NL
9688,Schorisse,Région flamande,Flandre orientale (la),NL
9690,Kwaremont,Région flamande,Flandre orientale (la),NL
9700,Oudenaarde,Région flamande,Flandre orientale (la),NL
9750,Huise,Région flamande,Flandre orientale (la),NL
9770,Kruishoutem,Région flamande,Flandre orientale (la),NL
9771,Nokere,Région flamande,Flandre orientale (la),NL
9772,Wannegem-Lede,Région flamande,Flandre orientale (la),NL
9790,Wortegem,Région flamande,Flandre orientale (la),NL
9800,Deinze,Région flamande,Flandre orientale (la),NL
9810,Nazareth,Région flamande,Flandre orientale (la),NL
9820,Merelbeke,Région flamande,Flandre orientale (la),NL
9830,Sint-Martens-Latem,Région flamande,Flandre orientale (la),NL
9831,Deurle,Région flamande,Flandre orientale (la),NL
9840,Zevergem,Région flamande,Flandre orientale (la),NL
9850,Nevele,Région flamande,Flandre orientale (la),NL
9860,Scheldewindeke,Région flamande,Flandre orientale (la),NL
9870,Olsene,Région flamande,Flandre orientale (la),NL
9880,Aalter,Région flamande,Flandre orientale (la),NL
9881,Bellem,Région flamande,Flandre orientale (la),NL
9890,Dikkelvenne,Région flamande,Flandre orientale (la),NL
9900,Eeklo,Région flamande,Flandre orientale (la),NL
9910,Ursel,Région flamande,Flandre orientale (la),NL
9920,Lovendegem,Région flamande,Flandre orientale (la),NL
9921,Vinderhoute,Région flamande,Flandre orientale (la),NL
9930,Zomergem,Région flamande,Flandre orientale (la),NL
9931,Oostwinkel,Région flamande,Flandre orientale (la),NL
9932,Ronsele,Région flamande,Flandre orientale (la),NL
9940,Evergem,Région flamande,Flandre orientale (la),NL
9950,Waarschoot,Région flamande,Flandre orientale (la),NL
9960,Assenede,Région flamande,Flandre orientale (la),NL
9961,Boekhoute,Région flamande,Flandre orientale (la),NL
9968,Bassevelde,Région flamande,Flandre orientale (la),NL
9970,Kaprijke,Région flamande,Flandre orientale (la),NL
9971,Lembeke,Région flamande,Flandre orientale (la),NL
9980,Sint-Laureins,Région flamande,Flandre orientale (la),NL
9981,Sint-Margriete,Région flamande,Flandre orientale (la),NL
9982,Sint-Jan-in-Eremo,Région flamande,Flandre orientale (la),NL
9988,Watervliet,Région flamande,Flandre orientale (la),NL
9990,Maldegem,Région flamande,Flandre orientale (la),NL
9991,Adegem,Région flamande,Flandre orientale (la),NL
9992,Middelburg,Région flamande,Flandre orientale (la),NL
